{"cameraMode":{"drawMode":0,"name":"Shaded","section":"Shading Mode"},"sceneLighting":true,"audioPlay":false,"sceneViewState":{"showFog":true,"showMaterialUpdate":false,"showSkybox":true,"showFlares":true,"showImageEffects":true,"showParticleSystems":true},"in2DMode":false,"pivot":{"x":-0.07134512066841126,"y":2.8620762825012209,"z":-0.3448667526245117},"rotation":{"x":0.11242792755365372,"y":-0.15253955125808717,"z":0.01741812750697136,"w":0.9818601608276367},"size":4.737260818481445,"orthographic":false}