{"cameraMode":{"drawMode":0,"name":"Shaded","section":"Shading Mode"},"sceneLighting":true,"audioPlay":false,"sceneViewState":{"showFog":true,"showMaterialUpdate":false,"showSkybox":true,"showFlares":true,"showImageEffects":true,"showParticleSystems":true},"in2DMode":false,"pivot":{"x":1.52294921875,"y":0.68896484375,"z":-0.1162109375},"rotation":{"x":0.03140467405319214,"y":0.07519080489873886,"z":-0.002419787459075451,"w":0.9967247843742371},"size":6.5213422775268559,"orthographic":true}