{"cameraMode":{"drawMode":0,"name":"Shaded","section":"Shading Mode"},"sceneLighting":true,"audioPlay":false,"sceneViewState":{"showFog":true,"showMaterialUpdate":false,"showSkybox":true,"showFlares":true,"showImageEffects":true,"showParticleSystems":true},"in2DMode":false,"pivot":{"x":0.0,"y":-2.384185791015625e-7,"z":1.1920928955078126e-7},"rotation":{"x":0.6107409000396729,"y":0.0037940326146781446,"z":-0.0029334493447095157,"w":0.7918227314949036},"size":31.68742561340332,"orthographic":true}