{"cameraMode":{"drawMode":0,"name":"Shaded","section":"Shading Mode"},"sceneLighting":false,"audioPlay":false,"sceneViewState":{"showFog":true,"showMaterialUpdate":false,"showSkybox":false,"showFlares":true,"showImageEffects":true,"showParticleSystems":true},"in2DMode":false,"pivot":{"x":-1.2983980178833008,"y":1.8200000524520875,"z":13.254129409790039},"rotation":{"x":-0.046303700655698779,"y":-0.5876966714859009,"z":0.033716410398483279,"w":-0.807053804397583},"size":14.386789321899414,"orthographic":false}