{"cameraMode":{"drawMode":0,"name":"Shaded","section":"Shading Mode"},"sceneLighting":true,"audioPlay":false,"sceneViewState":{"showFog":true,"showMaterialUpdate":false,"showSkybox":true,"showFlares":true,"showImageEffects":true,"showParticleSystems":true},"in2DMode":false,"pivot":{"x":1.6477891206741334,"y":1.1929998397827149,"z":1.6334739923477173},"rotation":{"x":0.021331138908863069,"y":0.9742502570152283,"z":-0.1041412279009819,"w":0.19905702769756318},"size":0.945234477519989,"orthographic":false}