{"cameraMode":{"drawMode":0,"name":"Shaded","section":"Shading Mode"},"sceneLighting":true,"audioPlay":false,"sceneViewState":{"showFog":true,"showMaterialUpdate":false,"showSkybox":true,"showFlares":true,"showImageEffects":true,"showParticleSystems":true},"in2DMode":false,"pivot":{"x":1.433354139328003,"y":1.126352310180664,"z":-0.1162109375},"rotation":{"x":0.10188128054141998,"y":0.16514232754707337,"z":-0.017206812277436258,"w":0.980915904045105},"size":2.3935482501983644,"orthographic":true}