{"cameraMode":{"drawMode":0,"name":"Shaded","section":"Shading Mode"},"sceneLighting":true,"audioPlay":false,"sceneViewState":{"showFog":true,"showMaterialUpdate":false,"showSkybox":true,"showFlares":true,"showImageEffects":true,"showParticleSystems":true},"in2DMode":false,"pivot":{"x":-3.6940693855285646,"y":1.679482340812683,"z":13.252994537353516},"rotation":{"x":-0.35781803727149966,"y":0.043721020221710208,"z":-0.0166325643658638,"w":-0.9327153563499451},"size":14.264245986938477,"orthographic":false}