{"cameraMode":{"drawMode":0,"name":"Shaded","section":"Shading Mode"},"sceneLighting":true,"audioPlay":false,"sceneViewState":{"showFog":true,"showMaterialUpdate":false,"showSkybox":true,"showFlares":true,"showImageEffects":true,"showParticleSystems":true},"in2DMode":false,"pivot":{"x":3.8697476387023927,"y":-3.4268150329589845,"z":4.644969940185547},"rotation":{"x":-0.38624709844589236,"y":-0.4617712199687958,"z":0.23359975218772889,"w":-0.7635912895202637},"size":18.560131072998048,"orthographic":false}