{"cameraMode":{"drawMode":0,"name":"Shaded","section":"Shading Mode"},"sceneLighting":true,"audioPlay":false,"sceneViewState":{"showFog":true,"showMaterialUpdate":false,"showSkybox":true,"showFlares":true,"showImageEffects":true,"showParticleSystems":true},"in2DMode":false,"pivot":{"x":-0.7961099147796631,"y":1.8200000524520875,"z":14.402141571044922},"rotation":{"x":-0.046303700655698779,"y":-0.5876966714859009,"z":0.033716410398483279,"w":-0.807053804397583},"size":22.458505630493165,"orthographic":false}