{"cameraMode":{"drawMode":0,"name":"Shaded","section":"Shading Mode"},"sceneLighting":false,"audioPlay":false,"sceneViewState":{"showFog":true,"showMaterialUpdate":false,"showSkybox":false,"showFlares":true,"showImageEffects":true,"showParticleSystems":true},"in2DMode":false,"pivot":{"x":652.2241821289063,"y":312.5938415527344,"z":-5.721642971038818},"rotation":{"x":0.09884236752986908,"y":0.007526491768658161,"z":-0.0007439635810442269,"w":0.9951446056365967},"size":22.0,"orthographic":false}