{"cameraMode":{"drawMode":0,"name":"Shaded","section":"Shading Mode"},"sceneLighting":true,"audioPlay":false,"sceneViewState":{"showFog":true,"showMaterialUpdate":false,"showSkybox":true,"showFlares":true,"showImageEffects":true,"showParticleSystems":true},"in2DMode":false,"pivot":{"x":0.6869999766349793,"y":0.21574369072914124,"z":1.8799999952316285},"rotation":{"x":-0.1113099679350853,"y":0.12438219785690308,"z":-0.01488766074180603,"w":-0.986185610294342},"size":5.067868232727051,"orthographic":true}