{"cameraMode":{"drawMode":0,"name":"Shaded","section":"Shading Mode"},"sceneLighting":true,"audioPlay":false,"sceneViewState":{"showFog":true,"showMaterialUpdate":false,"showSkybox":true,"showFlares":true,"showImageEffects":true,"showParticleSystems":true},"in2DMode":false,"pivot":{"x":-0.3037240207195282,"y":-0.20158860087394715,"z":0.3752446472644806},"rotation":{"x":-0.1346510946750641,"y":0.44595298171043398,"z":-0.0682063028216362,"w":-0.8823795318603516},"size":3.01230788230896,"orthographic":true}