{"cameraMode":{"drawMode":0,"name":"Shaded","section":"Shading Mode"},"sceneLighting":true,"audioPlay":false,"sceneViewState":{"showFog":true,"showMaterialUpdate":false,"showSkybox":true,"showFlares":true,"showImageEffects":true,"showParticleSystems":true},"in2DMode":false,"pivot":{"x":0.25665283203125,"y":2.3349609375,"z":-0.376708984375},"rotation":{"x":-0.11824114620685578,"y":-0.000026559217076282948,"z":-0.00004423993595992215,"w":-0.9931390285491943},"size":5.472530841827393,"orthographic":true}