{"cameraMode":{"drawMode":0,"name":"Shaded","section":"Shading Mode"},"sceneLighting":true,"audioPlay":false,"sceneViewState":{"showFog":true,"showMaterialUpdate":false,"showSkybox":true,"showFlares":true,"showImageEffects":true,"showParticleSystems":true},"in2DMode":false,"pivot":{"x":1.9906892776489258,"y":-5.410598278045654,"z":2.385556221008301},"rotation":{"x":-0.22374847531318665,"y":-0.27981171011924746,"z":0.06723231077194214,"w":-0.9311972260475159},"size":11.835646629333496,"orthographic":false}