{"cameraMode":{"drawMode":0,"name":"Shaded","section":"Shading Mode"},"sceneLighting":true,"audioPlay":false,"sceneViewState":{"showFog":true,"showMaterialUpdate":false,"showSkybox":true,"showFlares":true,"showImageEffects":true,"showParticleSystems":true},"in2DMode":false,"pivot":{"x":-0.7614448666572571,"y":3.7322001457214357,"z":-1.750942349433899},"rotation":{"x":-0.25587692856788638,"y":-0.6543389558792114,"z":0.25037163496017458,"w":-0.666556179523468},"size":9.935688018798829,"orthographic":true}