{"cameraMode":{"drawMode":0,"name":"Shaded","section":"Shading Mode"},"sceneLighting":true,"audioPlay":false,"sceneViewState":{"showFog":true,"showMaterialUpdate":false,"showSkybox":true,"showFlares":true,"showImageEffects":true,"showParticleSystems":true},"in2DMode":false,"pivot":{"x":652.2241821289063,"y":312.5938415527344,"z":-5.721642971038818},"rotation":{"x":-0.032989803701639178,"y":-0.018325047567486764,"z":0.0005814672913402319,"w":-0.9993188977241516},"size":924.3319091796875,"orthographic":false}