{"cameraMode":{"drawMode":0,"name":"Shaded","section":"Shading Mode"},"sceneLighting":true,"audioPlay":false,"sceneViewState":{"showFog":true,"showMaterialUpdate":false,"showSkybox":true,"showFlares":true,"showImageEffects":true,"showParticleSystems":true},"in2DMode":false,"pivot":{"x":6.438198089599609,"y":-4.683048248291016,"z":-1.4084758758544922},"rotation":{"x":-0.18841509521007539,"y":-0.4455856382846832,"z":0.0965152382850647,"w":-0.8698532581329346},"size":21.887229919433595,"orthographic":false}