{"cameraMode":{"drawMode":0,"name":"Shaded","section":"Shading Mode"},"sceneLighting":true,"audioPlay":false,"sceneViewState":{"showFog":true,"showMaterialUpdate":false,"showSkybox":true,"showFlares":true,"showImageEffects":true,"showParticleSystems":true},"in2DMode":false,"pivot":{"x":-0.019999999552965165,"y":-1.7100000381469727,"z":1.190000057220459},"rotation":{"x":-0.17900961637496949,"y":0.018011046573519708,"z":-0.0032533900812268259,"w":-0.9837275743484497},"size":22.0,"orthographic":true}