{"cameraMode":{"drawMode":0,"name":"Shaded","section":"Shading Mode"},"sceneLighting":true,"audioPlay":false,"sceneViewState":{"showFog":true,"showMaterialUpdate":false,"showSkybox":true,"showFlares":true,"showImageEffects":true,"showParticleSystems":true},"in2DMode":false,"pivot":{"x":-0.04047335311770439,"y":-0.5085134506225586,"z":0.1008497104048729},"rotation":{"x":-0.33511799573898318,"y":-0.4845746159553528,"z":0.207391619682312,"w":-0.781212329864502},"size":3.5728518962860109,"orthographic":true}