{"cameraMode":{"drawMode":0,"name":"Shaded","section":"Shading Mode"},"sceneLighting":true,"audioPlay":false,"sceneViewState":{"showFog":true,"showMaterialUpdate":false,"showSkybox":true,"showFlares":true,"showImageEffects":true,"showParticleSystems":true},"in2DMode":false,"pivot":{"x":1.0169880390167237,"y":0.7982264161109924,"z":1.6762129068374634},"rotation":{"x":-0.0711079090833664,"y":0.15052005648612977,"z":-0.010958321392536164,"w":-0.9861136078834534},"size":5.040420055389404,"orthographic":true}