{"cameraMode":{"drawMode":0,"name":"Shaded","section":"Shading Mode"},"sceneLighting":true,"audioPlay":false,"sceneViewState":{"showFog":true,"showMaterialUpdate":false,"showSkybox":true,"showFlares":true,"showImageEffects":true,"showParticleSystems":true},"in2DMode":false,"pivot":{"x":-3.1584091186523439,"y":-0.9260845184326172,"z":1.853475570678711},"rotation":{"x":0.26118430495262148,"y":-0.13693547248840333,"z":0.037456169724464419,"w":0.9548609852790833},"size":16.410768508911134,"orthographic":false}